{
    
    "threshold" : 0.00882,
    "method": 1,
    "timestep": 0.0007, //0.00882,
    "z-position": 10
  
}
